region,month,rain30,temp30,rain90
br_sul_minas,1,264.898,22.385,605.157
br_sul_minas,2,232.025,22.407,695.923
br_sul_minas,3,171.939,22.086,669.196
br_sul_minas,4,108.783,21.114,511.431
br_sul_minas,5,52.285,19.042,330.123
br_sul_minas,6,38.582,17.066,196.37
br_sul_minas,7,17.134,16.72,107.18
br_sul_minas,8,15.052,17.673,69.023
br_sul_minas,9,39.39,20.034,71.226
br_sul_minas,10,86.249,21.786,141.527
br_sul_minas,11,138.463,22.415,266.427
br_sul_minas,12,198.655,22.393,425.656
br_cerrado,1,270.54,22.131,641.63
br_cerrado,2,225.351,22.068,721.563
br_cerrado,3,189.275,21.812,686.001
br_cerrado,4,121.111,21.16,534.9
br_cerrado,5,45.581,19.43,353.375
br_cerrado,6,27.218,17.8,189.762
br_cerrado,7,7.4,17.463,78.696
br_cerrado,8,8.249,18.552,41.392
br_cerrado,9,29.202,21.077,44.535
br_cerrado,10,78.568,23.036,117.007
br_cerrado,11,143.043,23.117,252.989
br_cerrado,12,222.199,22.387,446.891
br_alta_mogiana,1,277.663,23.009,662.331
br_alta_mogiana,2,259.352,23.015,770.892
br_alta_mogiana,3,193.172,22.814,730.142
br_alta_mogiana,4,126.597,22.056,577.401
br_alta_mogiana,5,58.993,20.184,375.226
br_alta_mogiana,6,39.162,18.646,221.136
br_alta_mogiana,7,16.008,18.64,112.954
br_alta_mogiana,8,13.107,20.105,66.389
br_alta_mogiana,9,39.473,22.806,68.072
br_alta_mogiana,10,94.98,24.24,148.655
br_alta_mogiana,11,149.05,24.112,286.089
br_alta_mogiana,12,230.37,23.373,477.251
co_huila,1,85.327,19.03,382.216
co_huila,2,86.765,19.276,319.105
co_huila,3,113.091,19.346,285.844
co_huila,4,138.436,19.134,338.698
co_huila,5,127.998,18.712,380.37
co_huila,6,96.192,18.137,362.708
co_huila,7,58.666,17.793,281.095
co_huila,8,42.054,18.171,193.987
co_huila,9,46.098,19.034,145.552
co_huila,10,78.287,19.587,166.304
co_huila,11,151.64,19.302,277.291
co_huila,12,149.158,19.024,382.002
co_caldas,1,181.072,15.794,684.983
co_caldas,2,171.523,16.033,592.33
co_caldas,3,186.669,16.306,540.116
co_caldas,4,231.001,16.335,589.4
co_caldas,5,273.637,16.233,693.17
co_caldas,6,247.485,15.875,754.64
co_caldas,7,206.383,15.519,726.494
co_caldas,8,198.23,15.49,648.955
co_caldas,9,220.033,15.61,623.576
co_caldas,10,243.754,15.631,662.7
co_caldas,11,267.546,15.57,732.682
co_caldas,12,242.136,15.642,754.223
co_antioquia,1,177.539,17.144,681.558
co_antioquia,2,150.443,17.431,567.529
co_antioquia,3,162.178,17.791,491.526
co_antioquia,4,229.28,17.826,542.466
co_antioquia,5,291.351,17.764,685.314
co_antioquia,6,263.081,17.588,787.335
co_antioquia,7,223.875,17.442,777.597
co_antioquia,8,232.576,17.475,716.429
co_antioquia,9,243.092,17.482,699.332
co_antioquia,10,250.893,17.231,727.157
co_antioquia,11,266.293,16.971,760.617
co_antioquia,12,240.572,17.032,758.425
